title,company,location,link
Python Developer Intern,OXO Solutions,"Ruby, SC",https://www.indeed.com/viewjob?jk=84a541c104b5b24c
Data Scientist Entry Level - Pathrise Recruiting Partners,Pathrise,Remote,https://www.indeed.com/viewjob?jk=57125117d2b4b0f6
SRE,Piper Companies,Remote,https://www.indeed.com/viewjob?jk=73aa55bfbcf378fd
Software Engineer - Python/Django (Remote),drchrono,Remote,https://www.indeed.com/viewjob?jk=c1ec2e8c70f040ba
Senior Python Developer,Frontierpay,Remote,https://www.indeed.com/viewjob?jk=249fd45368894066
"Junior Developer - Python, 2021 Start",Akuna Capital,"Chicago, IL",https://www.indeed.com/viewjob?jk=0b2c553a665c7d64
Quantitative Trader - Entry Level,Avatar Securities,"Chicago, IL",https://www.indeed.com/viewjob?jk=d01efa8dad29efdc
Jr. Python Developer,Q2ebanking,"Austin, TX",https://www.indeed.com/viewjob?jk=8446e0c1cb5c66cb
Junior Data Scientist - Pathrise Recruiting Partners,Pathrise,Remote,https://www.indeed.com/viewjob?jk=4fbc59d736aac3c6
Junior Trader,Dexterity Capital,Remote,https://www.indeed.com/viewjob?jk=e1a750ccc83bd177
Penetration Testing Trainee (Remote USA),BreachLock,"Florida, NY",https://www.indeed.com/viewjob?jk=487b30db63184515
Consulting Professors,Saylor Academy,Remote,https://www.indeed.com/viewjob?jk=edb0eb6a7ba31772
Machine Learning Engineer Entry Level - Pathrise Recruiting Partners,Pathrise,Remote,https://www.indeed.com/viewjob?jk=dbd5f44b23485050
GIS Technician (Contract),Orbital Insight,United States,https://www.indeed.com/viewjob?jk=3e307741d1c78aec
Python developer,Ace-stack LLC,"Houston, TX",https://www.indeed.com/viewjob?jk=0c34c27b60a5c923
Python Developer,Stier Solutions,"Menlo Park, CA",https://www.indeed.com/viewjob?jk=1af40020baa8becf
Support Operations Analyst,Confluent,Remote,https://www.indeed.com/viewjob?jk=b465816a74ed64a4
Entry Level Data Analyst,Hopjump,"Boston, MA",https://www.indeed.com/viewjob?jk=2532431132ffbda1
"Engineering, Intern",Plex,United States,https://www.indeed.com/viewjob?jk=71c334606b7555bb
Content Creator,LeetCode,Remote,https://www.indeed.com/viewjob?jk=e94af63cb41ad9b5
Python Developer,Callsign Media,"Las Vegas, NV",https://www.indeed.com/viewjob?jk=345e22ca6e583be5
"Research Analyst, Communications",Square,"San Francisco, CA",https://www.indeed.com/viewjob?jk=14a0b82525e1fe94
Data Collection Analyst,Alphamatician,"Boston, MA",https://www.indeed.com/viewjob?jk=acf1e9bae91edcb0
Python Developer,"Artemis Consulting, Inc.","Washington, DC",https://www.indeed.com/viewjob?jk=ae5ea0e21efafcdd
Python Developer,Indus Group,United States,https://www.indeed.com/viewjob?jk=67008ecde32d356f
Developer,Alphamatician,United States,https://www.indeed.com/viewjob?jk=e487edabd86b2550
Quantitative Trader,Tower Research Capital,"New York, NY",https://www.indeed.com/viewjob?jk=eb703d826b9e1cd2
Support,RStudio,United States,https://www.indeed.com/viewjob?jk=2c26339484d5141f
Python Developer,RiVi Consulting Group,"Alpharetta, GA",https://www.indeed.com/viewjob?jk=5cc38bdc9a289851
Python Developer,Sara Technologies,United States,https://www.indeed.com/viewjob?jk=07cc59a85ae4d228
Data Scientist - New College Grad,Proofpoint,"Sunnyvale, CA",https://www.indeed.com/viewjob?jk=186d2aa111994946
Term Research Assistant,National Bureau of Economics,"Cambridge, MA",https://www.indeed.com/viewjob?jk=f901796e6ffac121
Data Scientist Summer Internship (REMOTE),Vee Search,New York State,https://www.indeed.com/viewjob?jk=a418287c804bd2e0
"Software Engineer, Shopping Discovery",Pinterest,"San Francisco, CA",https://www.indeed.com/viewjob?jk=33745a1b54181b47
Breeder - Melon,Bayer,California,https://www.indeed.com/viewjob?jk=20d28db9e0fb2722
Python Developer,Highbrow Technologies,"Bellevue, WA",https://www.indeed.com/viewjob?jk=70912d7ae92ee088
Data Analyst (Contract),The Consultant’s Consortium,"Indianapolis, IN",https://www.indeed.com/viewjob?jk=7cf437d0bef32c79
Breeder II,Bayer,Missouri,https://www.indeed.com/viewjob?jk=7f9b5fe35c27245a
Full Stack Web Engineer – Fans First (Boston),Spotify,"Boston, MA",https://www.indeed.com/viewjob?jk=e882ee156c2a9fca
Python Developer,Epsilon,"San Diego, CA",https://www.indeed.com/viewjob?jk=cac923b5adcd1891
Software Engineer University Grad,ViaSat,"Carlsbad, CA",https://www.indeed.com/viewjob?jk=4ef50be558860b6b
NASA Software Systems Developer (Python)- Junior,ASRC Federal Holding Company,"Seabrook, MD",https://www.indeed.com/viewjob?jk=f651b84aa82ae100
Jr Python Developer,Global Data Management Inc,"Woodbridge, NJ",https://www.indeed.com/viewjob?jk=24185ea11dee3248
Python Programmer Instructor,"SAM Consulting Services, Inc.","New York, NY",https://www.indeed.com/viewjob?jk=92441b01fbfb4df6
Software Developer - Python & Django,Anders Innovations,"Dallas, TX",https://www.indeed.com/viewjob?jk=8665e0b9139e296a
Genomic Selection Scientist,Bayer,Missouri,https://www.indeed.com/viewjob?jk=9ada7904d027aaf3
Java / Python Tutors,"SAM Consulting Services, Inc.","New York, NY",https://www.indeed.com/viewjob?jk=6dd414e5bf2653aa
"Financial Analyst, Americas Customer Service",Amazon.com Services LLC,Remote,https://www.indeed.com/viewjob?jk=adc8162797f38f34
Application Developer Apprentice,IBM,West Virginia,https://www.indeed.com/viewjob?jk=10269f6948d517a9
Specialist Scheduling & ISOP,Rio Tinto,United States,https://www.indeed.com/viewjob?jk=b400067de7727196
Python Developer,Stier Solutions,"Menlo Park, CA",https://www.indeed.com/viewjob?jk=1af40020baa8becf
Support Operations Analyst,Confluent,Remote,https://www.indeed.com/viewjob?jk=b465816a74ed64a4
Entry Level Data Analyst,Hopjump,"Boston, MA",https://www.indeed.com/viewjob?jk=2532431132ffbda1
"Engineering, Intern",Plex,United States,https://www.indeed.com/viewjob?jk=71c334606b7555bb
Content Creator,LeetCode,Remote,https://www.indeed.com/viewjob?jk=e94af63cb41ad9b5
Python Developer,Callsign Media,"Las Vegas, NV",https://www.indeed.com/viewjob?jk=345e22ca6e583be5
"Research Analyst, Communications",Square,"San Francisco, CA",https://www.indeed.com/viewjob?jk=14a0b82525e1fe94
Data Collection Analyst,Alphamatician,"Boston, MA",https://www.indeed.com/viewjob?jk=acf1e9bae91edcb0
Python Developer,"Artemis Consulting, Inc.","Washington, DC",https://www.indeed.com/viewjob?jk=ae5ea0e21efafcdd
Python Developer,Indus Group,United States,https://www.indeed.com/viewjob?jk=67008ecde32d356f
Developer,Alphamatician,United States,https://www.indeed.com/viewjob?jk=e487edabd86b2550
Quantitative Trader,Tower Research Capital,"New York, NY",https://www.indeed.com/viewjob?jk=eb703d826b9e1cd2
Support,RStudio,United States,https://www.indeed.com/viewjob?jk=2c26339484d5141f
Python Developer,RiVi Consulting Group,"Alpharetta, GA",https://www.indeed.com/viewjob?jk=5cc38bdc9a289851
Python Developer,Sara Technologies,United States,https://www.indeed.com/viewjob?jk=07cc59a85ae4d228
